{"cameraMode":{"drawMode":0,"name":"Shaded","section":"Shading Mode"},"sceneLighting":true,"audioPlay":false,"sceneViewState":{"showFog":true,"showMaterialUpdate":false,"showSkybox":true,"showFlares":true,"showImageEffects":true,"showParticleSystems":true},"in2DMode":false,"pivot":{"x":-3.369999885559082,"y":1.6799999475479127,"z":-9.0},"rotation":{"x":-0.24179574847221375,"y":-0.04713829234242439,"z":0.011761961504817009,"w":-0.9691140651702881},"size":4.511785507202148,"orthographic":false}